-- ============================================================
-- Work Progress feature — seed master data + system template
-- Source: prisma/seed.ts (lines 84–207)
--   - 7 categories (workprogresscategory)
--   - 5 statuses    (workprogressstatus)
--   - 4 mark types  (workprogressmarktype)
--   - 1 system template "SEO Standard 12 Months" (workprogresstemplate)
--   - 23 template items (workprogresstemplateitem)
--
-- Idempotent: ใช้ fixed UUID + ON DUPLICATE KEY UPDATE
--   หมายเหตุ: workprogresstemplateitem ไม่มี unique key อื่นนอกจาก PK
--   จึง DELETE + INSERT แทน (mirror seed.ts logic)
--
-- Prerequisites: ต้องรัน docs/work_progress_prod_migration.sql ก่อน
-- ============================================================

-- ---------- 1) Categories ----------
INSERT INTO `workprogresscategory`
  (`id`, `code`, `name`, `icon`, `orderIndex`, `isActive`, `isSystem`, `createdAt`, `updatedAt`)
VALUES
  ('00000000-0000-4000-8001-000000000001', 'KEYWORD_INTENT',     'Keyword & Intent',            'Search',       1, 1, 1, NOW(3), NOW(3)),
  ('00000000-0000-4000-8001-000000000002', 'SETUP_TRACKING',     'SETUP GSC / Analytics / TAG', 'Settings',     2, 1, 1, NOW(3), NOW(3)),
  ('00000000-0000-4000-8001-000000000003', 'ON_PAGE_SEO',        'On-Page SEO',                 'FileText',     3, 1, 1, NOW(3), NOW(3)),
  ('00000000-0000-4000-8001-000000000004', 'TECHNICAL_SEO',      'Technical SEO',               'Wrench',       4, 1, 1, NOW(3), NOW(3)),
  ('00000000-0000-4000-8001-000000000005', 'OFF_PAGE_BACKLINKS', 'Off-Page (Backlinks)',        'Link',         5, 1, 1, NOW(3), NOW(3)),
  ('00000000-0000-4000-8001-000000000006', 'MONITORING_AUDIT',   'Monitoring & Audit',          'Activity',     6, 1, 1, NOW(3), NOW(3)),
  ('00000000-0000-4000-8001-000000000007', 'REPORT',             'Report',                      'FileBarChart', 7, 1, 1, NOW(3), NOW(3))
ON DUPLICATE KEY UPDATE
  `name`       = VALUES(`name`),
  `icon`       = VALUES(`icon`),
  `orderIndex` = VALUES(`orderIndex`),
  `isActive`   = VALUES(`isActive`),
  `isSystem`   = VALUES(`isSystem`),
  `updatedAt`  = NOW(3);

-- ---------- 2) Statuses ----------
INSERT INTO `workprogressstatus`
  (`id`, `code`, `name`, `color`, `orderIndex`, `isTerminal`, `isDefault`, `isActive`, `isSystem`, `createdAt`, `updatedAt`)
VALUES
  ('00000000-0000-4000-8002-000000000001', 'NOT_STARTED', 'ยังไม่เริ่ม',     NULL,      1, 0, 1, 1, 1, NOW(3), NOW(3)),
  ('00000000-0000-4000-8002-000000000002', 'IN_PROGRESS', 'กำลังดำเนินการ', '#9592ff', 2, 0, 0, 1, 1, NOW(3), NOW(3)),
  ('00000000-0000-4000-8002-000000000003', 'COMPLETED',   'เสร็จสิ้น',       '#31fb4c', 3, 1, 0, 1, 1, NOW(3), NOW(3)),
  ('00000000-0000-4000-8002-000000000004', 'ON_HOLD',     'ระงับชั่วคราว',   NULL,      4, 0, 0, 1, 1, NOW(3), NOW(3)),
  ('00000000-0000-4000-8002-000000000005', 'CANCELLED',   'ยกเลิก',          NULL,      5, 1, 0, 1, 1, NOW(3), NOW(3))
ON DUPLICATE KEY UPDATE
  `name`       = VALUES(`name`),
  `color`      = VALUES(`color`),
  `orderIndex` = VALUES(`orderIndex`),
  `isTerminal` = VALUES(`isTerminal`),
  `isDefault`  = VALUES(`isDefault`),
  `isActive`   = VALUES(`isActive`),
  `isSystem`   = VALUES(`isSystem`),
  `updatedAt`  = NOW(3);

-- ---------- 3) Mark Types ----------
INSERT INTO `workprogressmarktype`
  (`id`, `code`, `name`, `color`, `orderIndex`, `isActive`, `isSystem`, `createdAt`, `updatedAt`)
VALUES
  ('00000000-0000-4000-8003-000000000001', 'PLANNED',     'วางแผน',    NULL,      1, 1, 1, NOW(3), NOW(3)),
  ('00000000-0000-4000-8003-000000000002', 'IN_PROGRESS', 'กำลังทำ',   '#9592ff', 2, 1, 1, NOW(3), NOW(3)),
  ('00000000-0000-4000-8003-000000000003', 'COMPLETED',   'เสร็จแล้ว', '#31fb4c', 3, 1, 1, NOW(3), NOW(3)),
  ('00000000-0000-4000-8003-000000000004', 'MISSED',      'พลาด',      NULL,      4, 1, 1, NOW(3), NOW(3))
ON DUPLICATE KEY UPDATE
  `name`       = VALUES(`name`),
  `color`      = VALUES(`color`),
  `orderIndex` = VALUES(`orderIndex`),
  `isActive`   = VALUES(`isActive`),
  `isSystem`   = VALUES(`isSystem`),
  `updatedAt`  = NOW(3);

-- ---------- 4) System Template ----------
INSERT INTO `workprogresstemplate`
  (`id`, `name`, `description`, `periodType`, `isActive`, `isSystem`, `createdAt`, `updatedAt`)
VALUES
  ('00000000-0000-4000-8000-000000000001',
   'SEO Standard 12 Months',
   'แม่แบบงาน SEO มาตรฐาน 12 เดือน — ครอบคลุม Keyword, On-Page, Technical, Off-Page, Monitoring และ Report',
   'YEAR_12_MONTHS',
   1, 1, NOW(3), NOW(3))
ON DUPLICATE KEY UPDATE
  `name`        = VALUES(`name`),
  `description` = VALUES(`description`),
  `periodType`  = VALUES(`periodType`),
  `isActive`    = VALUES(`isActive`),
  `isSystem`    = VALUES(`isSystem`),
  `updatedAt`   = NOW(3);

-- ---------- 5) Template Items (23 activities) ----------
-- ลบของเดิมของ system template ก่อน (mirror seed.ts) — กัน drift
DELETE FROM `workprogresstemplateitem`
WHERE `templateId` = '00000000-0000-4000-8000-000000000001';

INSERT INTO `workprogresstemplateitem`
  (`id`, `templateId`, `categoryId`, `activity`, `weight`, `orderIndex`)
VALUES
  ('00000000-0000-4000-8004-000000000001', '00000000-0000-4000-8000-000000000001', '00000000-0000-4000-8001-000000000001', 'วิเคราะห์คีย์เวิร์ดหลัก เลือกคีย์',                          1,  0),
  ('00000000-0000-4000-8004-000000000002', '00000000-0000-4000-8000-000000000001', '00000000-0000-4000-8001-000000000002', 'ติดตั้ง SEO และ config',                                     1,  1),
  ('00000000-0000-4000-8004-000000000003', '00000000-0000-4000-8000-000000000001', '00000000-0000-4000-8001-000000000001', 'ขยายสู่คีย์เวิร์ดเฉพาะกลุ่ม',                                1,  2),
  ('00000000-0000-4000-8004-000000000004', '00000000-0000-4000-8000-000000000001', '00000000-0000-4000-8001-000000000001', 'เจาะจง Intent กลุ่มซื้อ',                                    1,  3),
  ('00000000-0000-4000-8004-000000000005', '00000000-0000-4000-8000-000000000001', '00000000-0000-4000-8001-000000000001', 'อัปเดตตามเทรนด์',                                            1,  4),
  ('00000000-0000-4000-8004-000000000006', '00000000-0000-4000-8000-000000000001', '00000000-0000-4000-8001-000000000003', 'ปรับโครงสร้างเนื้อหา',                                       1,  5),
  ('00000000-0000-4000-8004-000000000007', '00000000-0000-4000-8000-000000000001', '00000000-0000-4000-8001-000000000003', 'ทำคอนเทนต์ E-E-A-T',                                         1,  6),
  ('00000000-0000-4000-8004-000000000008', '00000000-0000-4000-8000-000000000001', '00000000-0000-4000-8001-000000000003', 'เพิ่ม Rich Snippets Structured Data',                        1,  7),
  ('00000000-0000-4000-8004-000000000009', '00000000-0000-4000-8000-000000000001', '00000000-0000-4000-8001-000000000003', 'ปรับปรุงบทความเดิม หรือสร้างบทความเพิ่ม',                   1,  8),
  ('00000000-0000-4000-8004-000000000010', '00000000-0000-4000-8000-000000000001', '00000000-0000-4000-8001-000000000004', 'แก้ Error (403, 404) หากมีปัญหาเยอะเกินไป',                  1,  9),
  ('00000000-0000-4000-8004-000000000011', '00000000-0000-4000-8000-000000000001', '00000000-0000-4000-8001-000000000004', 'ปรับความเร็ว (Speed)',                                       1, 10),
  ('00000000-0000-4000-8004-000000000012', '00000000-0000-4000-8000-000000000001', '00000000-0000-4000-8001-000000000004', 'ตรวจสอบ Mobile Friendly',                                    1, 11),
  ('00000000-0000-4000-8004-000000000013', '00000000-0000-4000-8000-000000000001', '00000000-0000-4000-8001-000000000004', 'ตรวจสอบความปลอดภัย',                                         1, 12),
  ('00000000-0000-4000-8004-000000000014', '00000000-0000-4000-8000-000000000001', '00000000-0000-4000-8001-000000000005', 'ลงทะเบียน Directory index',                                  1, 13),
  ('00000000-0000-4000-8004-000000000015', '00000000-0000-4000-8000-000000000001', '00000000-0000-4000-8001-000000000005', 'เริ่มทำ Digital PR หากมี อาจมีค่าใช้จ่ายเพิ่ม',              1, 14),
  ('00000000-0000-4000-8004-000000000016', '00000000-0000-4000-8000-000000000001', '00000000-0000-4000-8001-000000000005', 'สร้าง Content Partnership',                                  1, 15),
  ('00000000-0000-4000-8004-000000000017', '00000000-0000-4000-8000-000000000001', '00000000-0000-4000-8001-000000000005', 'กระจาย Backlink คุณภาพ',                                     1, 16),
  ('00000000-0000-4000-8004-000000000018', '00000000-0000-4000-8000-000000000001', '00000000-0000-4000-8001-000000000005', 'ส่งทราฟฟิกคุณภาพ',                                           1, 17),
  ('00000000-0000-4000-8004-000000000019', '00000000-0000-4000-8000-000000000001', '00000000-0000-4000-8001-000000000006', 'ตั้งค่า GSC / Analytics วิเคราะห์',                          1, 18),
  ('00000000-0000-4000-8004-000000000020', '00000000-0000-4000-8000-000000000001', '00000000-0000-4000-8001-000000000006', 'ตรวจสอบอันดับ (Rank)',                                       1, 19),
  ('00000000-0000-4000-8004-000000000021', '00000000-0000-4000-8000-000000000001', '00000000-0000-4000-8001-000000000006', 'Crawl Website',                                              1, 20),
  ('00000000-0000-4000-8004-000000000022', '00000000-0000-4000-8000-000000000001', '00000000-0000-4000-8001-000000000006', 'วิเคราะห์ Conversion',                                       1, 21),
  ('00000000-0000-4000-8004-000000000023', '00000000-0000-4000-8000-000000000001', '00000000-0000-4000-8001-000000000007', 'เข้าสู่ระบบ seoprime เข้าดูได้ ตลอด 24 ชม',                  1, 22);
